MA_5,MA_10,MA_ratio,Price_MA5,Return,Volatility,Actual,Prob_Up,Prediction
175.3151824951172,176.24120635986327,0.9947457017352954,0.9901582109746224,-0.002161035283080426,0.004200939006440711,0,0.6368594917435929,1
174.1339080810547,175.78511810302734,0.9906066563552617,0.982216868889644,-0.01470423937177201,0.005593823853875913,0,0.6233216276425272,1
173.002099609375,175.1925033569336,0.9874971605200713,0.9893289791687071,0.0006941682551084849,0.005998095053385035,0,0.5906098323487303,1
172.26800842285155,174.7027801513672,0.9860633486976791,0.9960718195136934,0.0025433991041536874,0.0069665325693139026,0,0.5640093996266127,1
171.33011779785156,173.84205627441406,0.9855504557965113,0.9880122803376679,-0.013491640321098175,0.008105060658154145,1,0.5750588914861803,1
169.63439025878907,172.47478637695312,0.9835315284173989,0.9733352388560697,-0.024605521211203962,0.011394151104504367,1,0.46218589971237095,0
168.7123291015625,171.4231185913086,0.9841865583124239,0.986454025399478,0.00796933809321243,0.013353837991702006,1,0.3483322435178334,0
168.1761047363281,170.58910217285157,0.9858549144946056,1.001776495171858,0.012305173661177893,0.015509363783512158,1,0.3514396505291721,0
167.64779663085938,169.95790252685546,0.9864077759159738,1.0077661112267027,0.002818813841179324,0.015534690003444864,1,0.28137003346563483,0
168.215673828125,169.77289581298828,0.990827617227083,1.0231843587783889,0.018738577342432894,0.016733870363433403,1,0.340812200455792,0
170.32890625,169.98164825439454,1.0020429146273822,1.0314003403055212,0.020693327905327186,0.0074219364413929635,1,0.5361568348624011,0
171.99693298339844,170.35463104248046,1.0096404889662696,1.0161058503329181,-0.005181102330744758,0.010931387680539131,1,0.6002466711770493,1
173.7658721923828,170.97098846435546,1.0163471227085408,1.0204510389877863,0.014605009317646633,0.011106197983576096,1,0.4480222379150294,0
175.9523162841797,171.80005645751953,1.0241691412231106,1.0223337340718162,0.014450879736059852,0.01032931138359224,1,0.4462512496751063,0
177.71730041503906,172.96648712158202,1.0274666692520475,1.018137044587302,0.0058848498389905135,0.010033979723841112,1,0.4612610874906172,0
178.6749755859375,174.50194091796874,1.0239139727960416,1.010022064549328,-0.0026246148103903355,0.009263317752229884,1,0.4832957007138112,0
180.65278015136718,176.32485656738282,1.0245451700244568,1.022160370386644,0.023220178104367717,0.009823120455456663,1,0.4213941632306163,0
181.80308532714844,177.78447875976562,1.0226038099355852,1.0069746086476585,-0.008583642045368656,0.012786022298550938,1,0.3746930047777051,0
182.9639678955078,179.45814208984376,1.0195356185282967,1.014879615385443,0.014285765485803292,0.01276044284054894,1,0.3919568430322484,0
184.02607116699218,180.87168579101564,1.0174399069825733,1.01209074449572,0.0030410520246946238,0.012854210977358317,1,0.375130635661951,0
185.51996765136718,182.09747161865235,1.0187948575139045,1.0130184503894257,0.009041916653333315,0.01195466953171665,1,0.3747904168092079,0
186.17181396484375,183.41229705810548,1.0150454301647183,1.009365167778656,-0.00010538692835104779,0.008750185308665484,1,0.5105753518360331,0
187.48936767578124,184.64622650146484,1.0153977756718133,1.0115712779025425,0.009278193974610272,0.005668842677644954,0,0.5029496405359385,0
188.12337341308594,185.54367065429688,1.0139034802410238,1.003896680286587,-0.004230908075581241,0.005853024933116326,0,0.5326108678268503,0
188.777197265625,186.4016342163086,1.0127443252271044,1.0039358851696918,0.003514694113507577,0.005849494333908982,0,0.5773855832785451,1
188.8287139892578,187.1743408203125,1.0088386750111946,0.9966319729072266,-0.007004366044367716,0.006422402173236479,1,0.6167986077951315,1
188.84852294921876,187.51016845703126,1.0071375035455434,0.9955830530305121,-0.0009476706299699211,0.006446381900284915,0,0.6210314810846315,1
188.64049072265624,188.06492919921874,1.0030604404866355,0.999884475477902,0.003214164006930531,0.004598758507277358,1,0.6240733933810391,1
188.3888732910156,188.2561233520508,1.0007051560214941,0.9958037309651159,-0.005409618636852187,0.00482463268971926,1,0.6165791359894751,1
188.11941528320312,188.44830627441405,0.9982547415908742,1.0002843795488763,0.0030627653383297204,0.004714231392317451,1,0.6131833271089474,1
188.37103881835938,188.5998764038086,0.9987866503954687,1.005732370691609,0.0067913007516968715,0.004663364014718925,1,0.5789395023790196,1
188.29971313476562,188.5741180419922,0.9985448432156238,0.9965907939849649,-0.00946467543787377,0.006782787575975688,1,0.5876701055268579,1
188.89805908203124,188.76927490234374,1.0006822306212393,1.0143589022968003,0.021063169587372643,0.011900927173661884,1,0.45738011139509077,0
189.48253479003907,188.93570404052736,1.0028942689910765,1.0054790624722125,-0.005687093510979735,0.011951700046408095,1,0.4906266137627988,0
190.3384521484375,189.22893371582032,1.0058633656641718,1.011106779619928,0.010139463778773727,0.012350686382878995,1,0.49089360661401066,0
191.22408447265624,189.7975616455078,1.0075160229392872,1.0138838608964387,0.0074122896631589885,0.012381711015691474,1,0.4897293476624516,0
191.96707153320312,190.13339233398438,1.0096441723187568,0.9969037626838582,-0.012927222493527735,0.013424409992303075,1,0.4517044070240749,0
192.22265625,190.56035766601562,1.0087232129722268,1.0034631463502612,0.007919915170077951,0.010130736364104411,1,0.46543571700996056,0
193.34010314941406,191.41131896972655,1.01007664640769,1.0143159786206595,0.016691544451204576,0.011127083273688752,0,0.3766019827684472,0
194.10091552734374,192.2196838378906,1.0097868836941781,1.0111057989917078,0.0007577731661776443,0.011012758586404105,0,0.38469623806344555,0
194.4694366455078,192.84676055908204,1.0084143289818375,1.006438965569271,-0.002725731172838808,0.01115312073447509,0,0.39131126518983417,0
195.00636291503906,193.4867172241211,1.0078540052398415,0.9951333093426047,-0.008503359993114468,0.009767995613520064,0,0.4590135343866649,0
195.4481964111328,193.8354263305664,1.0083203061024355,0.9982057778138985,0.005360228675831635,0.009497753434409117,0,0.44550390471852935,0
194.82805786132812,194.0840805053711,1.0038332734659112,0.9906543508274853,-0.010713902200633174,0.0065906115467729,0,0.42579162562918144,0
194.14847412109376,194.12469482421875,1.00012249496076,0.9933564682967105,-0.0007700259721696856,0.006395810438493975,0,0.40159244193574034,0
193.36190490722657,193.9156707763672,0.9971442954201507,0.9918643109925218,-0.0055474309100966845,0.006438008234561962,0,0.4233009363919607,0
192.79922485351562,193.90279388427734,0.9943086481187046,0.9919330699968105,-0.002840862756024354,0.005933750786970671,0,0.41481962485386653,0
192.04831237792968,193.74825439453124,0.9912260266709811,0.9963271958694807,0.0005178179645652925,0.00446023196822454,0,0.42502168552931285,0
191.80065002441407,193.3143539428711,0.9921697282815101,0.9998347314860799,0.0022263420652810506,0.00301802404887015,0,0.41395917703292084,0
191.37467346191406,192.7615737915039,0.9928050995729576,0.9966248736857147,-0.005424192199570799,0.0034996256583073935,0,0.44314624087088234,0
189.7975646972656,191.5797348022461,0.9906975019731598,0.9689440907900917,-0.035786585170725416,0.015669518119983673,0,0.357947335613232,0
188.0540313720703,190.42662811279297,0.9875406251518705,0.97060541081857,-0.0074874617105706864,0.0154031886326932,1,0.3749983764157864,0
185.82706604003906,188.93768920898438,0.9835362484744657,0.9697625524797562,-0.012700257422625483,0.01442348768058046,1,0.4378487922084097,0
183.37026672363282,187.58545837402343,0.9775292195518375,0.9788116581871792,-0.004012999021178465,0.0131132716403732,1,0.3860088240690889,0
181.989306640625,186.68199005126954,0.9748626880967158,1.0100811017077165,0.02417475336924446,0.02145957486991211,0,0.2886315476154114,0
181.89024353027344,185.84390411376953,0.9787259065485637,1.0083438762205064,-0.0022632857221003277,0.01433488587117886,0,0.3311748285369969,0
182.274609375,185.16432037353516,0.9843938022578773,1.011924207282967,0.005671382294295313,0.013923692281825618,1,0.3720130569730189,0
183.00371704101562,184.41539154052734,0.9923451373135442,1.0046444475861904,-0.003222702864578819,0.011889012027383626,1,0.4405927467430487,0
183.9428497314453,183.65655822753905,1.0015588417134091,1.0012926218933471,0.001778316834361915,0.011164789577515549,1,0.5511531884718281,1
183.56046447753906,182.77488555908204,1.0042980681730647,0.9910196817099137,-0.012317176618192094,0.006728841872680123,1,0.6237671145360405,1
183.07306518554688,182.48165435791014,1.0032409330664922,0.9885174346353492,-0.0051734693800518095,0.006873964395833399,1,0.6487164230418547,1
183.5564971923828,182.9155532836914,1.0035040426972186,1.0180257985525754,0.032570608535671175,0.017433334454673037,1,0.4385590807006705,0
184.73932800292968,183.87152252197265,1.004719629603618,1.027219403237277,0.015532971686947006,0.01784600205098382,1,0.47592354184954444,0
186.31841430664062,185.13063201904296,1.0064159143986258,1.0309021280557435,0.012163429560948291,0.017766407445139378,0,0.4717882223930743,0
188.60680236816407,186.08363342285156,1.0135593275931953,1.0251696702393651,0.00665321670913066,0.013771024323874583,0,0.3843351888588527,0
190.9486877441406,187.01087646484376,1.0210565896151882,1.0090686974822753,-0.0034839199264247167,0.013244213462621808,0,0.3561361450136266,0
192.04632263183595,187.80140991210936,1.022603199420671,1.0015991008639016,-0.001696693858380005,0.00834172985527141,0,0.48406404279205245,0
192.2167175292969,188.47802276611327,1.0198362371820031,0.9916920817455755,-0.009012718789370933,0.00842889188202924,0,0.49830256273342854,0
191.78875732421875,189.0535858154297,1.0144677050001016,0.9903408908281823,-0.0035859233158179737,0.005670360595100084,0,0.545765277871714,0
190.37411499023438,189.4904586791992,1.0046633287881326,0.9784983726821561,-0.019245863199048974,0.007164771030377881,1,0.5910063016647009,1
188.37301025390624,189.66084899902344,0.9932097807643799,0.9697504950420623,-0.019357564029640617,0.008402818307512869,1,0.5691965767474327,1
186.9246856689453,189.48550415039062,0.9864854122064511,0.9903015243011023,0.013340542510940523,0.013513673753413238,1,0.39240174311049963,0
185.62297973632812,188.9198486328125,0.982548848517806,0.9918560048511681,-0.0054050257812583435,0.013513851536891903,1,0.3945335421494368,0
184.820556640625,188.30465698242188,0.9814975349116187,1.005971070968594,0.009846579405989653,0.015512514898638106,0,0.345668348053222,0
185.07020263671876,187.72215881347657,0.9858729720906693,1.0132857101114567,0.008631791741856354,0.013632720535240849,0,0.42916917277109157,0
186.06283264160157,187.2179214477539,0.9938302444700805,1.0084656204935654,0.0005811275925760029,0.0076360799839994544,0,0.595512027543623,1
186.35210571289062,186.63839569091797,0.9984660713731087,1.0011057604647253,-0.005754717272657972,0.007443965854218797,0,0.6046213493034643,1
186.99423522949218,186.30860748291016,1.0036800647905917,1.0017523505094006,0.004093887623672243,0.006346940473269918,0,0.6271896709971865,1
186.9365447998047,185.87855072021483,1.0056918567284419,0.9930411485413188,-0.009001795243512967,0.007164743768660569,0,0.6202681069755688,1
186.13929748535156,185.60475006103516,1.0028800309482415,0.9860505417529967,-0.011274373613944677,0.006464200831064461,0,0.6279428291073793,1
185.14369506835936,185.60326385498047,0.9975239186150294,0.9865848135865489,-0.004809763483174967,0.005875297314491044,1,0.6128315913862928,1
184.30652465820313,185.32931518554688,0.9944812264248656,0.9895054707983609,-0.001574748160169337,0.006096420307204787,0,0.5896910901485665,1
183.0091094970703,185.00167236328124,0.9892294872756706,0.9881193311313412,-0.00843042207666167,0.00382597683262858,0,0.6140751147203547,1
181.90015258789063,184.41834869384766,0.9863451976238141,0.9900535763400686,-0.004113932168173462,0.003816886031483094,1,0.5830221585541077,1
181.36055603027344,183.7499267578125,0.9869966167078352,0.997156031594212,0.004186084619642427,0.004681439291058561,0,0.5865279589304928,1
181.40419921875,183.2739471435547,0.9897980702988834,1.0081253610209848,0.011243905272791732,0.007649858022675056,0,0.5560914670253403,1
181.13836669921875,182.72244567871093,0.9913306820428753,0.9994743529739997,-0.010034122357219455,0.008977870063849414,0,0.5848970980817169,1
180.9102294921875,181.9596694946289,0.994232568099535,0.9932780105162115,-0.007451256839112297,0.008795821203667965,0,0.6136417961400144,1
181.12250061035155,181.5113265991211,0.9978578417333245,1.000164262235856,0.008114339516641644,0.009469079686585561,0,0.6216432685550124,1
180.94395446777344,181.15225524902343,0.9988501342091289,0.994518121123668,-0.0066254245074585105,0.009846974639376163,0,0.6245268060087046,1
180.22581176757814,180.81500549316405,0.9967414555889379,0.994793468087469,-0.0036931023000530416,0.007107158267643118,0,0.6009631831254496,1
179.65843811035157,180.39840240478514,0.9958981660337922,0.9919171370057015,-0.006030409242451573,0.006443128611233724,0,0.5965969377036131,1
178.45624389648438,179.68323669433593,0.99317135632447,0.9732535997084095,-0.025381270043044246,0.012020265885031465,0,0.4531413527166584,0
175.9744903564453,178.54849548339843,0.9855837198740638,0.9589087836269438,-0.028440849686725223,0.0118553413719988,1,0.4838206175378481,0
173.53439331054688,177.23917388916016,0.979097281389214,0.9666761337407399,-0.005878319412108368,0.011976156452679205,1,0.4348578930899404,0
171.20340881347656,175.71461029052733,0.9743265430826046,0.9791425241096099,-0.0007094929981227294,0.01266541414990134,1,0.373715281679384,0
169.43185729980468,174.54514770507814,0.9707050555543763,0.9995081721929031,0.010236605501964924,0.01650351758219631,1,0.28892751772031444,0
168.96565856933594,173.71095123291016,0.9726828237949617,1.0141243466940135,0.011831588716416874,0.016241303738917107,1,0.32185221716470663,0
169.5826202392578,172.77855529785157,0.9815027099104728,1.0132423511575275,0.0027785156500104158,0.007430936770056167,1,0.4994174513671753,0
169.9813690185547,171.75788116455078,0.9896568813381312,0.9986112082344732,-0.012122523707836397,0.009631758977188714,1,0.589641658319489,1
170.77489624023437,170.98915252685546,0.998746959772273,1.004832546985126,0.010927393300581345,0.010086857738736245,0,0.5919770428173787,1
171.14983825683595,170.2908477783203,1.0050442551066152,1.0004288512796506,-0.002196605385262229,0.009921250711112432,0,0.6485003885066145,1
171.34226684570314,170.15396270751953,1.0069836994641506,1.0056732307029632,0.006372353400492692,0.008844236746501841,0,0.6293779842372209,1
171.90765991210938,170.7451400756836,1.0068085090791485,1.0159829891699201,0.013585214356201636,0.010505571853103312,0,0.6238903059606385,1
173.40345764160156,171.69241333007812,1.0099657537472781,1.0220343432062653,0.014709152123493885,0.006875470095723319,0,0.5693220857181012,1
173.08009033203126,171.9274932861328,1.0067039716793884,0.9821079771581653,-0.040857557287307444,0.02292171086842063,1,0.4694124925302583,0
173.012646484375,172.08124237060548,1.0054125836200298,0.9877082416696982,0.005310399578887903,0.02312417236451933,0,0.482192402957241,0
172.44329833984375,171.89278259277344,1.003202669354504,0.9827438466066214,-0.00830042469158021,0.0230161578105305,0,0.501506128734067,0
171.1796081542969,171.54363403320312,0.9978779400299065,0.9833928764414632,-0.006672562457748943,0.021040640360120575,0,0.4433867787706501,0
170.11628112792968,171.75986938476564,0.9904308948142357,1.0105302835730163,0.021212512081765666,0.022853575606559387,0,0.3823216097826336,0
170.1381042480469,171.60909729003907,0.9914282339035556,0.999731681240255,-0.010559162233027442,0.013256043314321255,0,0.3820791758589197,0
169.69174194335938,171.3521942138672,0.9903097110712491,0.9938857565535507,-0.008455681926342051,0.013357989334711547,0,0.3874283660793358,0
169.2929931640625,170.86814575195314,0.9907814731589745,0.9892544476028451,-0.006998692291504405,0.013230091433272119,1,0.3895159299064094,0
169.28108825683594,170.2303482055664,0.9944236738117685,0.9940701849667388,0.004797383570013691,0.013275557549306928,0,0.37537749070313686,0
168.3903564453125,169.2533187866211,0.9949013564549566,0.9944393389615512,-0.004892448645384295,0.005970663401757554,1,0.5855636379627274,1
168.01343383789063,169.07576904296874,0.9937168098593233,1.0011570868084112,0.004501804904474271,0.006389197832605462,1,0.5629647106321619,1
167.69999084472656,168.69586639404298,0.9940966215082577,0.9963446599776572,-0.006663480189762594,0.005988911536712922,1,0.6051444170049219,1
167.86464233398436,168.57881774902344,0.9957635518828805,1.0025762515669687,0.007242416197748902,0.006306749522808545,0,0.5682926246677744,1
167.49366760253906,168.3873779296875,0.9946925337389504,0.9936041848013982,-0.01113919836395405,0.007764569097661563,1,0.5955697088361966,1
168.72760009765625,168.55897827148436,1.001000372854066,1.0290175236657932,0.04327090449971904,0.02142790517859047,0,0.37744146896163516,0
170.11032104492188,169.06187744140624,1.0062015376818407,1.0294580812407217,0.008626632450389415,0.021365698036197766,0,0.4434741419823764,0
170.95145263671876,169.32572174072266,1.0096012045853582,1.0019958629976429,-0.02186366377476434,0.024822945960354906,0,0.4598836226292428,0
170.89392700195313,169.37928466796876,1.0089423115521683,0.9831213938110723,-0.019167037463137526,0.027001166578204956,0,0.47634298939077524,0
170.93757019042968,169.2156188964844,1.0101760777472835,0.9748624881841789,-0.008147461339542583,0.026725863921072728,1,0.4869624070426499,0
169.35051879882812,169.0390594482422,1.0018425288900834,0.978375510413265,-0.005714241238865436,0.012152605331799689,1,0.43190279599192877,0
167.05921020507813,168.584765625,0.9909508109213421,0.9796820033596896,-0.012212674706717386,0.006945500499609819,1,0.5969683088180345,1
165.70030517578124,168.32587890625,0.9844018415496817,0.9927448413232516,0.005091020901379029,0.008931210674189284,1,0.5026621412686583,0
165.20831298828125,168.05111999511718,0.9830836771161149,1.0020652821644076,0.006391511230086744,0.008251797127479591,1,0.5002658053493664,0
165.4106658935547,168.1741180419922,0.983567910564291,1.0135524732985182,0.012702391539923807,0.010026092268986632,1,0.4369472464413907,0
165.9760528564453,167.6632858276367,0.989936777375782,1.0152990879278154,0.005147230880982567,0.009289089724688048,1,0.5125475470663532,0
166.82909545898437,166.94415283203125,0.9993108032171535,1.006599683850591,-0.003472801668915171,0.0057648454298374514,1,0.583797621605674,1
168.34869384765625,167.02449951171874,1.007928144313012,1.0222598772761469,0.024807940925365424,0.010497036562064719,1,0.4902539011912046,0
169.029150390625,167.1187316894531,1.0114315055042538,0.9995423694369008,-0.018270706604278875,0.016291701882119414,1,0.34530812068440214,0
169.0846954345703,167.2476806640625,1.0109837981801235,0.9931715837112925,-0.00604718478562738,0.01599561221188216,1,0.388106523347358,0
169.70761108398438,167.84183197021486,1.0111162937860487,1.0113271422172248,0.022031775477426407,0.018779693292590775,1,0.36316990937764415,0
172.50082397460938,169.6649597167969,1.0167144958071843,1.0544655672253038,0.05981629699594726,0.03038624831405814,0,0.43190622414193436,0
174.129541015625,171.23911743164064,1.0168794585450853,1.0350897341491847,-0.009106727195306918,0.03181093359037209,1,0.44122407621845383,0
176.5240020751953,172.77657623291014,1.021689432236656,1.0249263593408304,0.0037971793373776652,0.028299744759255487,1,0.4231039888156667,0
179.19025268554688,174.1374740600586,1.0290160326073503,1.0115581907010265,0.0018641242900210298,0.027086986988289093,1,0.3988293851088836,0
181.47958374023438,175.59359741210938,1.033520506526846,1.0087998045309996,0.010014272912739042,0.026915160819877586,1,0.38567439248082513,0
181.46337280273437,176.9820983886719,1.025320495433505,1.0019384171227037,-0.006890254178451127,0.007882997762584902,1,0.5103440335455797,0
182.42009887695312,178.27481994628906,1.023252184082491,1.014270531742664,0.017645430683358887,0.009182851920821421,1,0.43101295369438575,0
183.46839294433593,179.99619750976564,1.0192903821447779,1.0147010617605376,0.00617350486228041,0.00914795134336001,1,0.4626211240133475,0
184.90414733886718,182.04720001220704,1.0156934428349822,1.0191233808572198,0.012217976784155704,0.009216803991044213,1,0.46774003414018167,0
186.00069885253907,183.74014129638672,1.0123030141383527,1.0137560091715805,0.0006324894553375593,0.009608179615601942,0,0.554878576600098,1
187.3554931640625,184.40943298339843,1.0159756479535909,1.006584290027692,0.00015788080104717217,0.007548635037309525,1,0.5189753751499102,0
188.3010711669922,185.36058502197267,1.015863599829872,1.0077012282890667,0.006162204804045501,0.004932661913613722,0,0.5386324177450758,0
189.27843322753907,186.3734130859375,1.015587095248731,1.009372172862293,0.006857203420906011,0.004980188850014862,0,0.5105742025992119,0
189.5128387451172,187.2084930419922,1.0123089805685692,1.000524126037787,-0.007538330789967351,0.005796102050753681,1,0.574668024727784,1
188.9248291015625,187.46276397705077,1.0077992295296079,0.982503352454092,-0.021058191886756172,0.011594635144252272,1,0.5007432640186602,0
188.94668273925782,188.15108795166014,1.004228488903567,0.9986857748553967,0.01658818166759768,0.014664849156191057,1,0.4588049544534162,0
188.73809814453125,188.51958465576172,1.0011591023244006,0.9998421070502881,5.264206565191998e-05,0.014293938630584636,1,0.44892233180751295,0
188.32887573242186,188.80365447998048,0.9974853307322558,1.0035968760884297,0.0015790171200613656,0.013751387282700804,1,0.427988116558859,0
188.40634765625,188.9595932006836,0.9970721489443194,1.0084560809182281,0.00525514634025237,0.01367076868701672,1,0.4323049622312697,0
189.4731018066406,189.19896545410157,1.0014489315619728,1.007810854867011,0.005018547907376325,0.00648247473840356,1,0.5603724039360944,1
190.27763977050782,189.6121612548828,1.0035096826660315,1.0128413107792782,0.00925884861788906,0.0035860856251821753,0,0.5497039303094153,0
191.14375915527344,189.94092864990233,1.0063326557047014,1.0099147129177646,0.0016492260157763283,0.0031674607149007063,1,0.5621587638588322,1
192.25223083496093,190.2905532836914,1.0103088541045178,1.0119447192670166,0.007820885579215675,0.0029233571637865513,1,0.5103002677586229,0
192.88592529296875,190.64613647460936,1.0117484091719724,1.001462387544249,-0.0070965829718872,0.006513622777292977,1,0.4234358384582679,0
193.80766906738282,191.64038543701173,1.011309117467223,1.0090507177511758,0.012392157705329865,0.007715307544364551,1,0.3755290029724778,0
193.62689208984375,191.95226593017577,1.0087241802098712,0.9906535560176687,-0.019147906234668,0.012556022489977397,1,0.3871634664104118,0
196.16961669921875,193.65668792724608,1.0129762044309916,1.0488500776125274,0.07264911983441169,0.03543320245229171,1,0.38807901247963783,0
199.58641357421874,195.91932220458983,1.0187173543087267,1.0603558145356617,0.028578490806682844,0.03584098995630091,0,0.34646634181822383,0
203.51175842285156,198.19884185791017,1.026805991978249,1.045613900444036,0.005491163919822961,0.03408248891213825,0,0.36796856722545696,0
206.61070861816407,200.20918884277344,1.0319741556938118,1.0215178098282394,-0.008168458913723642,0.03639091624564673,0,0.31247672273684435,0
211.2889404296875,202.45791625976562,1.0436190608550526,1.018549895746612,0.01967155395537823,0.030753818040512398,0,0.33205033824437186,0
212.70730590820312,204.43846130371094,1.0404466192504165,1.0006442617661166,-0.010984626726819324,0.017189903630107594,0,0.3163545618780078,0
212.03387451171875,205.81014404296874,1.0302401540880834,0.9822272862434056,-0.0215128475105002,0.01596277962009351,1,0.33148140464991327,0
210.69297790527344,207.1023681640625,1.017337366892717,0.9781542912700812,-0.01044444289771651,0.01539939015758374,1,0.35617063309442626,0
209.82884826660157,208.21977844238282,1.0077277472690425,0.9852595201716801,0.003132753309003977,0.01587632303018523,1,0.39335152679111146,0
208.31910400390626,209.80402221679688,0.9929223558385539,0.9968341978357388,0.0044681968864481725,0.010868913902127547,1,0.3517250477620763,0
208.11251220703124,210.4099090576172,0.9890813276766502,1.0177734335246866,0.019993195769326233,0.015792311367787405,1,0.36176444017810594,0
208.9905517578125,210.51221313476563,0.9927716242478578,1.0175371715064963,0.003985946243683314,0.010783527070555224,1,0.3539178252103205,0
209.6123291015625,210.15265350341798,0.997428895648721,0.998028732822788,-0.016254106722291883,0.012870638973594955,1,0.37034731556808537,0
211.3227111816406,210.5757797241211,1.003547091021095,1.018763101977572,0.02910458397234028,0.017361964878313704,1,0.3665731058943763,0
213.54759216308594,210.9333480834961,1.0123936973614764,1.024521089770637,0.016239802680539484,0.01751675569339363,1,0.33256647938804157,0
215.19639282226564,211.65445251464843,1.0167345419174305,1.0225793588744974,0.005811108191953185,0.016749744592825452,1,0.3350735326432167,0
217.62787780761718,213.30921478271483,1.020246021857525,1.0330160000582227,0.02162042221536531,0.01758744304226688,1,0.3063054522648584,0
221.0446746826172,215.32850189208983,1.0265462896936512,1.0236985437318042,0.006538906630196184,0.00995751830284381,1,0.3132768191165922,0
223.4145751953125,217.36864318847657,1.0278141866193349,1.0166627809605904,0.0037747923253959037,0.007730983869533404,1,0.3225904081313677,0
225.9394287109375,219.7435104370117,1.0281961376770752,1.0242049417368606,0.01880358887464184,0.008249836028088037,0,0.28939056510814254,0
227.13531494140625,221.16585388183594,1.0269908801688694,0.9951548952876416,-0.023220685430085597,0.017788949318750896,0,0.3201680704139167,0
227.9696472167969,222.79876251220702,1.0232087676173989,1.0044527594200963,0.013050735488595588,0.01618875317625703,0,0.3308690866780467,0
229.27677001953126,225.1607223510742,1.0182804870471114,1.0154483839165411,0.016743405498221398,0.017231668888429807,0,0.3128653661523308,0
230.49649047851562,226.95553283691407,1.015601988624556,1.0118847585744777,0.0017917804211402544,0.017313433940043386,0,0.3558465532682488,0
229.68202514648436,227.81072692871095,1.0082142673569494,0.9897855638193758,-0.025295990990587214,0.0198471099944519,0,0.36926741304850125,0
229.0085906982422,228.07195281982422,1.00410676484696,0.9723113339832401,-0.02053482692336217,0.01920193130406271,0,0.360937974295655,0
227.7709991455078,227.87032318115234,0.9995641203546914,0.9781613299458528,0.0005799456401183178,0.017340048581183286,0,0.3460585474997582,0
225.69708557128905,227.48692779541017,0.9921321095613423,0.9856093495925121,-0.0015602816478907933,0.012866611556031006,0,0.3563577072951704,0
223.74831848144532,227.12240447998047,0.9851441956760697,0.9988546581610707,0.004688228387861759,0.01352265143236602,0,0.3304517357636364,0
221.69426879882812,225.68814697265626,0.9823035536983162,0.979121857871188,-0.028754247948780565,0.01464332060685531,1,0.37230533327839255,0
220.36529846191405,224.68694458007812,0.9807659224427085,0.9802940759667512,-0.004804571583463035,0.013194936661603629,1,0.35567110510433053,0
219.10386962890624,223.43743438720702,0.9806050191625862,0.9880685341107514,0.002161080490800771,0.013408380634626677,1,0.32042006878402496,0
217.96759033203125,221.83233795166015,0.9825780692963211,0.9944953784196321,0.0012846894159199707,0.013683078577270412,0,0.3286009904379361,0
216.73397216796874,220.24114532470702,0.9840757586346204,1.002722172148259,0.0025658710361724513,0.013332532238018713,0,0.3290738052630626,0
217.43719787597655,219.56573333740235,0.9903057028568528,1.014462267912224,0.014990862235767954,0.007215255557449561,0,0.35051302182059224,0
217.61001892089843,218.98765869140624,0.9937090529268174,0.9966770047214943,-0.016750840184501237,0.011342460709350828,0,0.3583716760976995,0
217.987451171875,218.54566040039063,0.99744580044512,1.001786109077111,0.006869472839966528,0.011669231522213422,0,0.3811346049766968,0
216.20555114746094,217.0865707397461,0.9959416209428202,0.9613918791873697,-0.04816692708584447,0.025254848587030424,1,0.3891953642171647,0
213.90716247558595,215.32056732177733,0.9934358112475192,0.9622492936144826,-0.009748205851346059,0.024545363894647527,1,0.4063597373456247,0
211.4717041015625,214.45445098876954,0.9860914666333354,0.9854961064461634,0.012498177273470912,0.023913825581936287,1,0.3566520958235903,0
210.46851806640626,214.03926849365234,0.9833173115738247,1.0066634840505635,0.0166331820178649,0.026453212954897658,1,0.33321273439489396,0
209.74940490722656,213.8684280395508,0.9807403871151917,1.023989721621427,0.013736016021691055,0.02734656603513891,1,0.4167361006966137,0
211.44027099609374,213.82291107177736,0.9888569467895618,1.0230434842600569,0.007129844529335072,0.010528661954750029,1,0.37901564210431593,0
214.2802001953125,214.09368133544922,1.0008712020770525,1.0268408457092622,0.017193037205435413,0.0040334352070181675,1,0.3584320993571632,0
216.69512329101562,214.08341369628906,1.0121994952791238,1.017462475138599,0.0020337732433333144,0.0065640659091114545,1,0.38157340301124754,0
219.0134033203125,214.74096069335937,1.0198957973046139,1.020313681438723,0.013530600259306302,0.006067035527857714,0,0.32197729711848927,0
221.01414489746094,215.38177490234375,1.0261506341363886,1.0170613411700036,0.005918539170478576,0.006104169353551764,1,0.3254560821651279,0
222.67679138183593,217.05853118896485,1.0258836184051203,1.0087527423970797,-0.0007078706006025115,0.007583354851552631,1,0.33784487345836006,0
223.71892700195312,218.99956359863282,1.0215496475233605,1.0068094957648541,0.0027446359566873912,0.005469038747746308,1,0.35884009426785773,0
224.64969177246093,220.6724075317383,1.018023477811337,1.0021512986303505,-0.00048552035628945944,0.005877347560548012,1,0.39445602330751717,0
224.61190490722657,221.81265411376953,1.0126198877365278,0.9940409774460556,-0.008259753163735506,0.005277254384964836,1,0.44399028931051815,0
224.76901550292968,222.8915802001953,1.0084230875883606,1.0035657944256495,0.010288093967598666,0.006704020253645358,1,0.4183620162453149,0
225.02557067871095,223.85118103027344,1.005246296414575,1.003924128143043,0.0014988850697843503,0.00665934424858546,0,0.40815600515289185,0
225.32786865234374,224.52339782714844,1.0035830155475138,1.006328384110849,0.003741469351264737,0.006733258626541341,0,0.4077452948862564,0
225.34576416015625,224.9977279663086,1.0015468431481218,0.9994528129921872,-0.006753456250813028,0.0076790254307175015,0,0.42057024657231645,0
226.39187622070312,225.50189056396485,1.003946688227369,1.0093294936960202,0.014570216255507473,0.008230898324654666,0,0.3689969414457803,0
226.82146301269532,225.7952392578125,1.0045449308774446,1.003954504749333,-0.003437875244453492,0.008177081633043653,0,0.39220744194339124,0
225.94440002441405,225.4849853515625,1.0020374512836643,0.9804327298581998,-0.027205284460914858,0.015419132121148427,0,0.3822906747097924,0
224.51644287109374,224.92215576171876,0.9981962075312188,0.9781646340956179,-0.00861869091284806,0.014885982921630661,1,0.36296548011694,0
223.69904479980468,224.52240447998048,0.9963328395574473,0.9885400616135753,0.006927714233663895,0.015995322569522366,1,0.33823332813034285,0
221.915087890625,224.15348205566406,0.9900140111832695,0.9894965472787598,-0.007014950110865503,0.01238709963836777,1,0.3606016261728226,0
220.30614013671874,223.56380157470704,0.9854284932755552,0.9971292250845673,0.00040748621103214866,0.012842071794318398,0,0.33430140829419075,0
219.77711791992186,222.86075897216796,0.9861633736398107,0.9959097466546795,-0.0036213575002596032,0.006251970499754079,0,0.3881773443317232,0
220.1370880126953,222.32676544189454,0.990151084936413,1.0058000523771413,0.011585078497532209,0.00759888531807783,0,0.36230476457183014,0
220.21465148925782,221.95684814453125,0.9921507415975787,1.0059425356759943,0.0004940532705064449,0.007004698475868645,1,0.3840453341205839,0
220.54876708984375,221.23192749023437,0.9969120171390236,1.0032012156732404,-0.0012120335451429876,0.005862871659858051,1,0.4148272274669461,0
219.6359069824219,219.9710235595703,0.9984765421748485,0.9793908164387934,-0.027775222249363685,0.014458668995948647,1,0.3546438034500913,0
218.97561950683593,219.3763687133789,0.9981732343875809,0.9844782580622656,0.0021725978156694747,0.01473671574224576,1,0.35299423619524256,0
218.58382568359374,219.36045684814454,0.9964595662513211,1.0039851981307006,0.017989831142146695,0.01648976904856163,1,0.34113980275385636,0
219.7969940185547,220.00582275390624,0.9990508035981159,1.0354514974290394,0.03706547497121093,0.024060490412383635,0,0.41672129794800883,0
220.930615234375,220.73969116210938,1.0008649286010163,1.0271229141245781,-0.002927333383796138,0.02419461237512961,0,0.4384445910560155,0
222.94925231933593,221.2925796508789,1.0074863453219745,1.0101068890826794,-0.007581084480445588,0.018246257750845,1,0.37503380725168933,0
225.05341186523438,222.01451568603517,1.0136878265360663,1.0046394422808322,0.003974015365397765,0.018086339891024115,0,0.36026272082676075,0
226.18305053710938,222.38343811035156,1.017085860615539,0.9952254086322537,-0.0043981695192342185,0.018292365397712947,1,0.3361935574682969,0
225.91456604003906,222.85578002929688,1.0137254057774048,1.0014701932121746,0.005080272590998636,0.005480376441584601,0,0.4156695409805085,0
225.83302307128906,223.38181915283204,1.010973157653354,1.0030206362849456,0.0011866621200995464,0.005459453535480034,0,0.42963489006419536,0
227.1317169189453,225.0404846191406,1.0092926937272815,1.020095511383637,0.02287203166555729,0.010253972085762491,0,0.37690516047445205,0
226.90101928710936,225.9772155761719,1.0040880391794458,0.991375211655064,-0.029141623473304734,0.018808587319995417,0,0.36592630974278556,0
226.98256225585936,226.5828063964844,1.001764281525737,0.9935161163879804,0.00251968313788975,0.018739417726100587,1,0.3733700406285164,0
226.61463012695313,226.26459808349608,1.0015470031388998,0.9902584106388668,-0.004894621978448144,0.018661152061085897,1,0.364264009194468,0
226.41773986816406,226.12538146972656,1.0012929039479659,0.9960824241620437,0.005007363970533252,0.018875235602784004,1,0.3725209128819871,0
224.16839294433595,225.65005493164062,0.9934338062193092,0.9834094245279036,-0.022530946764434123,0.015258361934396792,1,0.3507116833601571,0
224.08088073730468,225.49095001220704,0.9937466702108176,1.0018993331633046,0.018404116016718985,0.015010731329529119,1,0.34552290225953153,0
224.62979431152343,225.8061782836914,0.9947902932456967,1.0161403669131113,0.01669847811398939,0.016897089182374137,1,0.3663470286951187,0
225.3000274658203,225.95732879638672,0.9970910377898886,1.0109107033423164,-0.002178228332397225,0.016640130475402498,1,0.3608524622144786,0
225.44918518066407,225.93346252441407,0.9978565488337184,1.0036697164998116,-0.0065055369821528375,0.017097059575454793,1,0.3596957503731561,0
227.36043395996094,225.76441345214843,1.0070694069247135,1.0116340393673053,0.01647998841209719,0.011917903149470823,1,0.3796847691671338,0
228.96739196777344,226.52413635253907,1.0107858511440562,1.0156086988017212,0.011024606923183189,0.010801777483559517,1,0.38644172121003106,0
229.41287841796876,227.0213363647461,1.0105344373860097,1.0046638857056078,-0.008851938916621394,0.011165569069490624,0,0.3985548227491831,0
230.0313934326172,227.66571044921875,1.0103910377137189,1.0035620827962364,0.0015964331628834927,0.010938262671883017,0,0.41126001173084936,0
231.51305541992187,228.48112030029296,1.0132699590917797,1.0093807854077732,0.012276524936782218,0.010163259096682802,0,0.37210173445848255,0
232.5432586669922,229.95184631347655,1.01126936963134,1.0112379596921381,0.006297972891396553,0.008558294559500976,0,0.39191215230005017,0
232.94301147460936,230.9552017211914,1.0086069061818215,1.0068558725062449,-0.0026217909664653094,0.008109076318248075,0,0.4069114558366628,0
232.7401550292969,231.0765167236328,1.0071995126517066,0.9859431072685206,-0.02162312007378142,0.012884484592102848,0,0.3763052751471448,0
232.425927734375,231.2286605834961,1.0051778492677232,0.9864633006399258,-0.0008232230832816434,0.01281654078172822,0,0.3989660851488136,0
231.71195068359376,231.6125030517578,1.0004293707400318,0.9931077951703635,0.0036431346557592725,0.010980463468066463,0,0.383197077647432,0
231.09939270019532,231.82132568359376,0.9968858215210805,1.0043028577693962,0.0085993374495128,0.011504698163045654,0,0.36925188468512976,0
230.6638397216797,231.80342559814454,0.9950838264209243,1.0073632453629988,0.001156832603377067,0.011623537901553831,0,0.36720611081483767,0
230.53258361816407,231.63636932373046,0.9952348341981488,0.9925376600869168,-0.015277880475389805,0.008960896732788265,0,0.4344456745021813,0
229.60579833984374,231.01586303710937,0.9938962429734138,0.9783974231480193,-0.01820946779757926,0.011967160761912185,1,0.38577258103237505,0
227.91531066894532,229.81363067626953,0.9917397414516361,0.9725652280793364,-0.013279644557517956,0.011647681899988577,1,0.3656672300414264,0
225.65005798339843,228.37472534179688,0.9880693130366306,0.9783623326437882,-0.004037620206522097,0.008154868592940677,1,0.40605782445395056,0
223.61749572753905,227.1406677246094,0.9844890303776781,0.9936586677518211,0.006486215996162725,0.010085839336569482,1,0.3650597746583022,0
222.149755859375,226.34116973876954,0.9814818758592083,0.9969561790450074,-0.0032668445901624654,0.00959461057748628,1,0.3573171518366642,0
222.4619934082031,226.03389587402344,0.9841974919203663,1.0168339576307432,0.021372019082720906,0.013148908953709673,1,0.34145686743334575,0
223.31712036132814,225.61621551513673,0.9898097078325723,1.011736764756646,-0.0011881525260282189,0.010632675161253479,0,0.35070807898872475,0
223.80770263671874,224.7288803100586,0.9959009377340869,0.9973759876760134,-0.012028568491752822,0.012547191084746976,1,0.37865978535948824,0
224.01189575195312,223.8146957397461,1.0008810860768336,0.9964668515370602,0.0,0.012336472795732108,1,0.38831300965636467,0
224.53846435546876,223.34411010742187,1.0053475967979297,0.99807583274524,0.003969109521966496,0.012136875056916125,1,0.396029931296741,0
224.73557739257814,223.59878540039062,1.005084070515642,1.0109323899720801,0.013770509751523718,0.009319168603928426,1,0.38001898721473604,0
224.3453399658203,223.83123016357422,1.0022968635872231,0.9984025242934694,-0.014109272936257633,0.011565387854428509,1,0.398668254223575,0
225.0999298095703,224.45381622314454,1.0028786037025248,1.0084115880337163,0.013422317237938408,0.011472274023033347,1,0.37821679845705275,0
225.90628051757812,224.95908813476564,1.004210509522714,1.005957786946756,0.001140140403776746,0.011398632032582864,1,0.3928498313670668,0
226.6787902832031,225.60862731933594,1.0047434487616134,1.0056916367792146,0.0031541242415413784,0.011398550620255951,1,0.3932927939863534,0
226.7385223388672,225.73704986572267,1.0044364559284364,1.0033192961519026,-0.00209602645859408,0.0099299437896226,1,0.4194738722803927,0
227.70813598632813,226.02673797607423,1.0074389341071315,1.0049488174036776,0.005907427255164244,0.0058738240513500255,1,0.4156578169140343,0
228.67376403808595,226.88684692382813,1.0078758074277339,1.0137652603895815,0.013050869337808635,0.005730288850861833,1,0.3887854080681486,0
230.0236602783203,227.96497039794923,1.0090307290491924,1.0172938858762366,0.009404412856080846,0.0058071274186324885,1,0.3844242966467899,0
231.20431518554688,228.941552734375,1.0098835813077462,1.011539243856637,-0.0005530945680205512,0.006444520599311899,1,0.4002979187044756,0
232.95838012695313,229.84845123291015,1.0135303452225206,1.0141788383909296,0.010215924772482232,0.005223709596283471,1,0.38770160039019635,0
234.8936309814453,231.3008834838867,1.0155327876117208,1.015401206276034,0.009522572580036304,0.005179991883356864,1,0.38393563970592653,0
236.8408233642578,232.75729370117188,1.0175441533889313,1.0199148796526791,0.01277173834813028,0.005117496287951779,1,0.3385750452770923,0
238.42366638183594,234.22366333007812,1.0179315915055047,1.0146470858663406,0.0014836983632635636,0.0058525877423690285,1,0.35040419578230925,0
240.03836364746093,235.6213394165039,1.0187462826664826,1.007946066665598,0.0001233742556152606,0.005647571260691302,1,0.36960592216366117,0
241.135400390625,237.04689025878906,1.0172476851620893,1.00253485251353,-0.0008228350441831234,0.006127121027150785,1,0.39407323942473327,0
242.56094970703126,238.72729034423827,1.0160587394816276,1.012689895565774,0.016101070572768883,0.007895367822401573,1,0.33696919248504537,0
243.58034057617186,240.21058197021483,1.0140283520331126,1.0126204504873346,0.004133754341091089,0.006907710194273092,1,0.3781932150039433,0
244.27320861816406,241.3484375,1.0121184588906404,1.0045318514214374,-0.0051659955044141,0.008099636348283791,1,0.40461533125569976,0
245.252783203125,242.64557342529298,1.0107449303155525,1.0064864267316664,0.00596371995738143,0.008024593614832435,1,0.41131427440514584,0
246.30602111816407,243.72071075439453,1.010607676121439,1.0028696477667447,0.0006855969985304355,0.007821769792675659,1,0.42945803747830796,0
247.1601593017578,244.86055450439454,1.0093914873386518,1.0111245859815232,0.011727654278264943,0.006268599845717935,1,0.38661741476720685,0
248.2970184326172,245.93867950439454,1.0095891338970149,1.0162777283887445,0.00971957462909434,0.0068842117634324166,1,0.3794866106366733,0
248.60761108398438,246.4404098510742,1.008794017321347,0.993264770479117,-0.021421793232994757,0.01339801072545489,1,0.3845577328119316,0
248.97195739746093,247.11237030029298,1.007525269151472,0.9987684218689769,0.007014639362892483,0.013496659198790223,1,0.39433095461998025,0
250.23822631835938,248.27212371826172,1.007919143601997,1.0124119762732928,0.018815844918160796,0.015495456569473473,0,0.37744523313881617,0
251.08041687011718,249.1202880859375,1.007868202141383,1.0121086688945629,0.0030649579802981552,0.015057200280409114,0,0.3973380498617382,0
252.020166015625,250.1585922241211,1.0074415744626357,1.0199083654678707,0.011478047504595246,0.01525975583304191,0,0.3851513120012418,0
254.20428161621095,251.40594635009765,1.0111307441480182,1.0143564778933343,0.0031757399493077543,0.006617381842195919,0,0.3967918005438793,0
255.35906066894532,252.16550903320314,1.0126645061332384,0.9963978704206867,-0.013242139752255522,0.01195938439443312,0,0.3779326440267679,0
254.9031219482422,252.57067413330077,1.009234832281876,0.9849407952467389,-0.013263444779884836,0.011034677051743316,0,0.40397972564332685,0
253.93749084472657,252.5089538574219,1.0056573716119046,0.9817081761226085,-0.007057838809142902,0.01085590109304482,0,0.40254097080422513,0
251.08041687011718,251.5502914428711,0.9981320849597957,0.9668301046292481,-0.026235867445677852,0.010703353262682633,0,0.39178662465124936,0
247.9625244140625,251.08340301513672,0.987570350873068,0.9770198059477904,-0.002009491230185234,0.009074414720051067,0,0.3959095179251484,0
245.85406188964845,250.60656127929687,0.9810360137205193,0.9920393820077166,0.006738979505805709,0.012385415032593718,0,0.3238046436896537,0
243.86506042480468,249.38409118652345,0.9778693551161975,0.9887413797545963,-0.011387742814264357,0.012227372788361092,0,0.35334950781160906,0
242.32801208496093,248.13275146484375,0.9766063151856628,0.9970257553319966,0.002023034290709713,0.01304742487503691,0,0.2890379045597767,0
240.93431396484374,246.00736541748046,0.9793784570473018,0.9786219788797265,-0.024103803631356224,0.012237568229852513,0,0.4031916395395377,0
239.15038146972657,243.55645294189452,0.9819094447346911,0.9757234488848353,-0.01034414584481358,0.012168508272057824,0,0.38878165548483073,0
236.8169372558594,241.33549957275392,0.9812768435439713,0.9806295666295799,-0.004778101960480674,0.009648651778171835,0,0.40077098830672786,0
235.95284423828124,239.90895233154296,0.9835099605295489,1.0035861699184816,0.019675867749100462,0.016129299483611807,0,0.29940525307468396,0
233.07784729003907,237.7029296875,0.9805425940540937,0.9749201272789065,-0.040400196921681064,0.02242393262261817,0,0.37811125960973385,0
231.71003112792968,236.32217254638672,0.980483670369306,0.988064837708105,0.007535239806619742,0.022614269671230817,0,0.31568032631754495,0
229.36862182617188,234.2595016479492,0.9791219575412251,0.9662942853139942,-0.031915790534446264,0.025592387002049265,1,0.41714324610917186,0
227.48712768554688,232.15203247070312,0.9799058197530752,0.979493750330514,0.005344902711080568,0.026491083571384858,1,0.3576266080306575,0
224.65792541503907,230.30538482666014,0.9754783874642287,0.9910756518675874,-0.0007594393899229557,0.022427793682149363,1,0.3092679192887288,0
223.56686096191407,228.32235412597657,0.9791720211441116,0.9919938998385563,-0.003934542081788894,0.015869812662893022,1,0.3032254163185878,0
223.5429718017578,227.62650146484376,0.9820603943881436,1.0236290886563995,0.03178024510857891,0.02276605969818578,0,0.3961854543561881,0
226.6529052734375,228.0107635498047,0.994044762382147,1.046477897881912,0.03654392712433174,0.018964145376862827,0,0.40962424390438107,0
229.7449188232422,228.61602325439452,1.0049379547101625,1.0371602071468768,0.00461673935352791,0.019047870922046017,0,0.4032895455242825,0
232.51837158203125,228.58814849853516,1.0171934682935728,1.0172110791186748,-0.00739469116041247,0.020479985157225756,0,0.3285562461121452,0
235.1504669189453,229.3586639404297,1.0252521656649514,0.9990940781156306,-0.006692131500525944,0.021056247266644682,0,0.3258638590888314,0
234.78213195800782,229.1625518798828,1.024522244284793,0.9667831695850108,-0.03385592906605628,0.025462048082222456,0,0.3523591524721115,0
233.69505310058594,230.17397918701172,1.0152974455497135,0.9916849265633195,0.021007913302233172,0.02005440854678801,1,0.34575856584504855,0
232.32326049804686,231.03408966064453,1.0055800026710169,0.9961263632786632,-0.0014176239408641989,0.019546480941700663,1,0.3838216234324857,0
231.4531982421875,231.98578491210938,0.9977042271356253,1.0030967563025015,0.0032262426829974267,0.019886414062122885,1,0.34801495550531897,0
229.78673706054687,232.4686019897461,0.988463539134986,0.9861541007779404,-0.02396873186469839,0.021962245691776985,1,0.34206535656461584,0
229.764892578125,232.2735122680664,0.9891997168964913,0.9874188729987876,0.001187343922486539,0.01604416067119087,1,0.3349035191826787,0
229.77997131347655,231.73751220703124,0.9915527664256365,1.0089097579908473,0.02183176471862147,0.016315686994028623,1,0.32245924701259004,0
230.707861328125,231.51556091308595,0.9965112514175055,1.0232107969761033,0.018270152940516038,0.018112902877713465,1,0.3722112440659746,0
232.41524963378907,231.9342239379883,1.0020739746279506,1.0356759907113424,0.01967323848251623,0.01936274042628217,1,0.37932113266352824,0
235.847509765625,232.81712341308594,1.013016166114046,1.033576457763174,0.012710644656182213,0.008289821683226149,1,0.35259546899464733,0
239.200048828125,234.482470703125,1.0201191078840723,1.0185486490922195,-0.0005314395307257636,0.008997466950037284,1,0.3228273732646761,0
241.64169921875,235.7108352661133,1.0251616093334905,1.009906435814422,0.0016361258388950528,0.009348282670311908,0,0.31794423012091305,0
243.42759704589844,237.0677291870117,1.0268272188741039,1.0064276473458014,0.00392056304742705,0.008471102518487936,0,0.3537940977396616,0
244.228857421875,238.32205352783203,1.0247849655816816,1.0019831332956268,-0.0011390890015970934,0.005614654360788272,0,0.38608345847132236,0
244.72715454101564,240.2873321533203,1.0184771387984048,1.0062549853667802,0.006312383382871323,0.0031093326936706116,0,0.3725540123204228,0
245.2394012451172,242.2197250366211,1.0124666816793702,1.0039093182710557,-0.0002428315584860341,0.003051816142368667,0,0.41381578846875217,0
244.340478515625,242.9910888671875,1.005553247465692,0.980356979776355,-0.02704011939380868,0.013431054702535352,0,0.38463664143327947,0
242.64028930664062,243.03394317626953,0.9983802514805786,0.9746580768792015,-0.01273091938670523,0.013149846895883603,0,0.35722657285869663,0
241.90081787109375,243.06483764648436,0.9952110729521332,0.996341561571245,0.019131868844441513,0.017725145750438858,0,0.3375516174074796,0
240.0929962158203,242.41007537841796,0.9904414898638989,0.9880288670391683,-0.015754265817481183,0.017600322531454812,0,0.3304737757445518,0
237.87856750488282,241.558984375,0.984763899882922,0.9884285878662594,-0.008822379909602107,0.017149417280504363,0,0.33884211209877485,0
236.95771484375,240.6490966796875,0.9846607284761562,0.991470695115121,-0.000805297297409524,0.01398864604786574,0,0.3250657815547821,0
236.56505737304687,239.60267333984376,0.9873222784852302,0.9913891468158511,-0.0017391917687868963,0.013066821551774806,0,0.344935983055754,0
236.01294860839843,238.9568832397461,0.9876800593000955,1.0095009456244999,0.015892618029543115,0.011801101225662199,0,0.33847403271654,0
233.91014099121094,237.00156860351564,0.9869560879680235,0.9691959997481985,-0.04847960193409895,0.023968555202239828,0,0.3972680282549829,0
230.90242614746094,234.39049682617187,0.9851185490626024,0.9531619308460442,-0.029189374883390795,0.02564715245215075,0,0.41780368057172174,0
227.1632110595703,232.06046295166016,0.9788966555103789,0.951917142749247,-0.01747872660231309,0.024755720564894248,0,0.44137656039246315,0
222.05068969726562,229.30787353515626,0.9683517895569426,0.9410708152669053,-0.03364369478238116,0.02420249928705272,1,0.39203764663843027,0
216.95212097167968,226.48253479003907,0.9579198730392409,0.9806885049980609,0.01817060221144473,0.025112119462631272,1,0.34624108478913557,0
214.26531066894532,224.0877258300781,0.956167098734444,0.9953581415942072,0.0023889096072751137,0.021858832670034564,1,0.2910870814355486,0
212.640869140625,221.77164764404296,0.9588280170147204,0.9968224620167926,-0.006121453168117963,0.019631641876922165,1,0.29907515641311094,0
212.29405517578124,219.72863311767577,0.966164728572662,1.010421534450121,0.011989186652903605,0.020239646917126,1,0.26193256593098563,0
213.175048828125,217.6128692626953,0.9796068107111205,1.0009163502888916,-0.005296311389961117,0.01067518266885444,1,0.32085814985838035,0
214.12779541015624,215.53995819091796,0.9934482552905068,1.015870843228762,0.019476892742144702,0.011108939324655691,0,0.3506607994817893,0
215.46920776367188,214.86725921630858,1.0028014903227174,1.020924453597092,0.011270363296444375,0.011395856917593379,1,0.39851339075502695,0
217.67366943359374,215.1572692871094,1.0116956315481325,1.0244119264952491,0.013681926441879266,0.00925559431151403,0,0.3642932072455211,0
218.92738342285156,215.6107192993164,1.0153826495005143,1.008439654646675,-0.009921848040083447,0.012741691020262154,1,0.3594194802412055,0
220.87073669433593,217.02289276123048,1.0177301292234588,1.0100349260475208,0.010472665366113354,0.011147255971386378,0,0.3054265905946404,0
220.79698486328124,217.46239013671874,1.0153341215667961,0.9835162607008557,-0.02658034341433524,0.017525827774952547,0,0.35376705528543967,0
221.07603149414064,218.27261962890626,1.0128436258748374,1.0013433607491236,0.019412605542204586,0.019161784545429557,0,0.34823017413127666,0
220.96441345214845,219.31904144287108,1.0075021849377632,1.006630024114565,0.004772020103251284,0.018121638603471837,0,0.3837997668028855,0
221.43480834960937,220.18109588623048,1.0056940059196848,1.0076420734479297,0.003136350396449661,0.01732412976983217,0,0.3809240138770435,0
217.31688537597657,219.09381103515625,0.9918896583578322,0.9318076825214161,-0.09245623955872362,0.04467039988075577,0,0.3904464042952876,0
211.4330078125,216.11499633789063,0.978335661084479,0.8879315441412164,-0.07288733474248388,0.05113738944443105,1,0.4300851899879723,0
203.32672729492188,212.20137939453124,0.958178160175343,0.8894138816645765,-0.03673428915114274,0.04388159713826547,1,0.3787974523684619,0
193.20732421875,207.08586883544922,0.9329816916299241,0.8893679272033614,-0.04981826981523896,0.03648814391352591,1,0.40687405567349366,0
188.2163879394531,204.82559814453126,0.918910476251322,1.0528963508013476,0.153288616993843,0.0990513748677629,0,0.3700432235166267,0
185.67109375,201.49398956298828,0.9214721200999302,1.0220819436934852,-0.042393783585858436,0.09215088168782362,1,0.363657247385931,0
187.6184295654297,199.52571868896484,0.9403220336617502,1.0525336804274683,0.04059440515301449,0.08650209860431957,0,0.3636009158243191,0
191.81607666015626,197.57140197753907,0.9708696437856067,1.0522050745556086,0.02205412997037559,0.08192863260485839,0,0.34051240411811423,0
197.7398223876953,195.47357330322265,1.0115936340968055,1.018768620635559,-0.0018764476411760045,0.07338006894799967,1,0.36312238061761276,0
196.82694396972656,192.52166595458985,1.0223625636823244,0.9836455925586871,-0.0389333647218012,0.03662768455828606,1,0.3362395890837515,0
198.13447265625,191.902783203125,1.0324731582789441,0.9907852641114852,0.013949632775603904,0.029966853767821194,1,0.3532792947563756,0
197.13987731933594,192.3791534423828,1.0247465683873018,0.9764728583559492,-0.01939280333250215,0.024795507516050645,1,0.3571446193799134,0
196.5857727050781,194.2009246826172,1.0122803123947965,1.0125825660359855,0.0340650774735225,0.028375700499817722,1,0.38562171253206756,0
197.0760986328125,197.4079605102539,0.9983189032672055,1.0346397008660673,0.024331588268553084,0.030820540405440532,1,0.41183051685881167,0
199.88648681640626,198.3567153930664,1.0077122240117178,1.038889122311302,0.018426141911106475,0.02027092100734199,1,0.3631404954308146,0
202.33810424804688,200.23628845214844,1.0104966777607882,1.0307836171225218,0.004367266581964069,0.020756635667683564,0,0.4035823873875264,0
205.7225311279297,201.43120422363282,1.0213041813498398,1.0179919173322625,0.004109335285442661,0.012968617868238923,0,0.3312589293541479,0
208.0087127685547,202.2972427368164,1.0282330592076767,1.011929892615635,0.005091876364272663,0.009472425790079791,0,0.32445842329400437,0
209.5833282470703,203.3297134399414,1.0307560302000627,1.010461256155966,0.0061076408542186655,0.006090081746387984,0,0.31081693758210294,0
210.56995849609376,205.22822265625,1.0260282712129265,1.0096076838978287,0.0038588679064202047,0.000908553049189975,0,0.3536497452705779,0
209.78663940429686,206.06237182617187,1.0180734966074576,0.9755159246587349,-0.03736171359938467,0.01887260809460694,0,0.3176056610891913,0
207.5443084716797,206.6334197998047,1.0044082349929528,0.9550356774313961,-0.03145849867088735,0.021711686446125634,1,0.3711709637107846,0
205.0129638671875,206.5108383178711,0.9927467513914305,0.9649804949929924,-0.0019106182615660217,0.02063321849658125,1,0.36242670758207285,0
201.77403869628907,205.67868347167968,0.9810158023695817,0.9693080861100277,-0.011384846084720346,0.0180891210665626,1,0.3655461068304462,0
198.61882629394532,204.59439239501953,0.9707931090822034,0.9909281499463988,0.0063184946335548275,0.01877285792936318,1,0.27607418134923906,0
197.25947265625,203.52305603027344,0.9692242073394783,1.0030110932915235,0.005266076204561099,0.015576549189898427,1,0.26967034130251727,0
199.68645629882812,203.6153823852539,0.9807041784348494,1.0533871017090422,0.0631462266329994,0.029298063171031865,0,0.4323966391498718,0
202.61628112792968,203.8146224975586,0.9941204347610375,1.0486947757366432,0.010152256278603833,0.028316896868029164,0,0.4463412278833169,0
205.87681884765624,203.82542877197267,1.010064446266803,1.0291780155725656,-0.0028178284904083473,0.026547924102404686,0,0.4305968468707764,0
208.71457214355468,203.66669921875,1.0247849694828262,1.010977577638163,-0.004144455183460405,0.027919461405044244,0,0.35115505922150075,0
211.30711364746094,204.28329315185547,1.0343827455845067,0.9976765249953008,-0.0008985807760553133,0.02854830107521937,0,0.34928289177497956,0
210.90595703125,205.29620666503905,1.0273251535298156,0.9878400653199528,-0.011739103087880398,0.007889028977432131,0,0.3614104346752329,0
209.69450988769532,206.1553955078125,1.0171672168519532,0.9844101301976256,-0.009196227967492532,0.0045402942801729025,0,0.4142978704427936,0
207.65081176757812,206.7638153076172,1.0042899017830624,0.9711756171661875,-0.023059151208633444,0.008531557918618253,0,0.39147783084842713,0
205.63704833984374,207.17581024169922,0.9925726758347884,0.977143647251387,-0.003612269777481525,0.008622703790123944,0,0.39704617560356653,0
202.44577026367188,206.8764419555664,0.9785830051502618,0.9625281684864789,-0.03024421041472658,0.01083637266436944,1,0.4349429389345776,0
200.7353729248047,205.82066497802734,0.9752926070190011,0.9952873017085144,0.0252982519087801,0.02151108585541336,1,0.27361886250630324,0
199.4500762939453,204.57229309082032,0.9749613365549898,1.002751767972364,0.0010488493588676207,0.021872927551742364,1,0.27747784125050773,0
199.02297668457032,203.3368942260742,0.9787843836312973,1.0025470955687474,-0.002345059699954133,0.019716361885809087,1,0.2829772664520473,0
198.92119445800782,202.27912139892578,0.9833995376403895,1.0075750089782538,0.004501165153201203,0.019880690834251116,1,0.3021711009174773,0
200.2044891357422,201.32512969970702,0.9944336776753286,1.0053532302261694,0.0042319709002895944,0.010844960053790407,0,0.37892244388813645,0
200.81520080566406,200.77528686523436,1.0001987990706072,1.010097468775229,0.007783811173800226,0.003841321567143383,0,0.38926052174356146,0
201.29419555664063,200.37213592529298,1.0046017358006876,1.0054631223775616,-0.002213711137626917,0.004487705630675595,0,0.41921060366393453,0
201.42991333007814,200.22644500732423,1.0060105363340486,0.9939362668824335,-0.010797728543074925,0.007378880739746712,0,0.4214693951989528,0
202.04262084960936,200.4819076538086,1.007784808185763,1.0071714623080326,0.016398234140678536,0.010264538018537736,0,0.4240703443978981,0
201.99272766113282,201.0986083984375,1.0044461732968524,0.9952178290956212,-0.012112531599563048,0.012222082830455819,0,0.39700909637621473,0
201.87297973632812,201.3440902709961,1.0026267940847937,1.0018388130274984,0.006056021902935083,0.011961990728695483,0,0.3976343308577046,0
201.0666748046875,201.18043518066406,0.999434535590529,0.9865501874706082,-0.01919373183369144,0.014663379256844768,0,0.33872026435878205,0
200.7812713623047,201.1055923461914,0.9983873099693399,0.990039945125857,0.0021128663073402,0.014283480381219092,1,0.3560047801794955,0
199.29041137695313,200.66651611328126,0.9931423300559458,0.9836763375037184,-0.013805194198080128,0.010884450704288482,1,0.3758789235519117,0
198.68568420410156,200.33920593261718,0.9917463897252754,0.9965646435218625,0.010028022576847206,0.012814675567616628,1,0.3421581284930685,0
197.2826385498047,199.57780914306642,0.9884998707866542,0.9895901614302294,-0.014010737856372857,0.012421177989722837,1,0.35948008296885675,0
196.84356079101562,198.95511779785156,0.9893867670748667,0.9965628346714221,0.004804711390223648,0.01108334371819786,1,0.3406045414358729,0
197.2028045654297,198.99203796386718,0.991008517643493,1.017113819430275,0.022484522595249024,0.015795801446328347,1,0.3581017326514813,0
198.21068420410157,198.75054779052735,0.9972837127121039,1.0144592404978396,0.002487626530422782,0.013215726616622755,1,0.3861282282723022,0
198.5858947753906,198.6357894897461,0.9997488130689659,1.0065124773049732,-0.0059553368706062315,0.013668794776768686,1,0.3623164005639816,0
199.7674102783203,198.5250244140625,1.0062580819114602,1.0068535972123953,0.006290573788700682,0.010350325684406574,1,0.4180601895932681,0
200.64955444335936,198.7465576171875,1.0095749926388022,0.9996418796460702,-0.0027784006959959973,0.011101665102498388,1,0.3985198803440072,0
200.66552124023437,198.93416290283204,1.00870317250762,0.9999601849789453,0.0003980202448676806,0.004718697221972272,1,0.4517618473200342,0
201.39797668457032,199.80433044433593,1.007976034536841,1.0165888493437647,0.020340156705265455,0.01036455208603655,1,0.3823161022633763,0
202.89881591796876,200.7423553466797,1.0107424293570975,1.022102451100748,0.01291615425542747,0.00937721248996851,1,0.365835997809697,0
205.07024230957032,202.4188262939453,1.0130986631242231,1.0337612381737828,0.022230762139012317,0.011386061331238003,0,0.33839460343767314,0
207.5749725341797,204.11226348876954,1.0169647280678982,1.026623519566471,0.00522506774348952,0.009425035758867073,0,0.3378450144481207,0
209.34524536132812,205.00538330078126,1.0211695029207086,1.0007817254813351,-0.016857955249283796,0.015824110323458727,0,0.32308745165190067,0
210.31121215820312,205.8545944213867,1.0216493479261077,0.996469799264245,0.00028578971805215403,0.014657090577284222,0,0.33840315025417667,0
210.97381591796875,206.93631591796876,1.01951083347594,0.998685049882905,0.00538068961510163,0.013980579636593903,0,0.34545974233501886,0
210.96782836914062,208.01903533935547,1.0141755922719986,1.0047206320364412,0.006014977043711456,0.009704444364017543,0,0.4093088649226424,0
210.49082946777344,209.03290100097655,1.006974636336268,1.001071423885373,-0.005884853456365136,0.009481098270438328,1,0.4250226175944929,0
210.2253875732422,209.78531646728516,1.0020977212007383,0.9902785234672812,-0.01202881464197092,0.007693653791257503,1,0.42594222887836897,0
210.04576721191407,210.1784896850586,0.9993685249459,0.9934533426952485,0.0023488288655426626,0.007850099497992171,1,0.41128464286616606,0
209.85018310546874,210.41199951171876,0.9973299222118807,0.9993723724148209,0.00502133715468478,0.007780314048824709,1,0.41946643110226617,0
209.37318725585936,210.1705078125,0.996206315696054,1.0009818036262732,-0.0006662490332222104,0.0068074754779779735,1,0.3984580975290559,0
209.37717895507814,209.9340042114258,0.9973476176075464,1.006491318289394,0.005523280640275852,0.007182719735505209,1,0.4031260707052852,0
210.14755554199218,210.18647155761718,0.9998148500455971,1.0089747120259434,0.006155827878369324,0.002827915848552313,1,0.3996640178244859,0
211.20333251953124,210.62454986572266,1.002747935386343,1.0130027395451924,0.0090362347501034,0.0035357740643091637,0,0.3953281303628931,0
211.99965209960936,210.92491760253907,1.0050953415522745,1.0080208676086846,-0.001166074880693091,0.004487324335530748,0,0.4140647108504914,0
212.74607849121094,211.05963287353515,1.0079903750173123,1.0026548272060007,-0.0018212004700020046,0.004792546497328691,0,0.44761181983238296,0
213.28494567871093,211.33106231689453,1.0092456042211462,1.0006831383459174,0.0005614633154649162,0.004794373455393491,0,0.4517618473200342,0
213.598291015625,211.8729232788086,1.0081434083700538,1.000009386802082,0.0007948587409902785,0.004367763816386146,0,0.4517618473200342,0
212.97360534667968,212.08846893310547,1.0041734301634917,0.9899166882931282,-0.012987668901023652,0.005735029724358641,0,0.42786982435797927,0
211.95574951171875,211.97770080566406,0.9998964452682434,0.9842186142530142,-0.010507862911703691,0.0064911148394590995,1,0.40917709700721244,0
210.72035522460936,211.73321685791015,0.9952163309643546,0.9829800776105657,-0.007079609380583052,0.006312977874143584,1,0.4231409625130126,0
208.42518920898436,210.85506744384764,0.988476073805955,0.9689559092739473,-0.025003594915492977,0.009417702886868065,1,0.4437637438088218,0
206.28968505859376,209.94398803710936,0.9825939146308411,0.983678729311731,0.004792936108565904,0.010741602468224323,1,0.35389875431715223,0
204.623193359375,208.79839935302735,0.9800036494216936,0.9895929404586317,-0.0021146353111312077,0.011119284432747784,1,0.2891173759394161,0
205.4614288330078,208.70858917236328,0.9844416544990691,1.0357271077312775,0.05090679602505532,0.028292137387499923,1,0.42715624516101464,0
207.94819030761718,209.3342727661133,0.9933786166967281,1.0558770344721609,0.031793629657992595,0.029689767361020875,1,0.4407710949124246,0
213.3308563232422,210.87802276611328,1.0116315276715648,1.0728319041523295,0.04235791290787305,0.023241362185072414,1,0.3541909200076541,0
218.13829650878907,212.2139907836914,1.02791665951533,1.0404407654624943,-0.008337431911761617,0.026662682349508006,1,0.36928113985310745,0
223.52507934570312,214.07413635253906,1.0441479907577447,1.0264064437810911,0.010872426196794072,0.0241259210067013,1,0.35967049981617677,0
227.5854919433594,216.5234603881836,1.0510892978310238,1.0242482173768888,0.016024457949132653,0.019560595825727042,0,0.2900062325724497,0
230.182861328125,219.0655258178711,1.0507489047797358,1.010303565121565,-0.0023571835446725142,0.019738261076412387,0,0.2973998181794697,0
230.682373046875,222.0066146850586,1.0390788282327712,1.0029622304537638,-0.005112168105708581,0.010625419823048496,0,0.3631568068700679,0
231.4236572265625,224.78097686767578,1.029551790598353,0.9967278188370579,-0.0030225322092916063,0.00951307488473578,0,0.3504677422554824,0
231.60548400878906,227.5652816772461,1.0177540365637723,0.9945218554906985,-0.001429256279357305,0.008606463568533364,0,0.3729908388241086,0
230.1428985595703,228.86419525146485,1.0055871706218638,0.9810909160826897,-0.019734624185850147,0.007614245862704617,1,0.41450338551294075,0
228.56842346191405,229.37564239501953,0.9964807992484428,0.9829975048099531,-0.004911252928377019,0.007362506193863988,1,0.42437925278640604,0
227.80316467285155,229.24276885986328,0.9937201762386156,0.9988421968541048,0.012716733406805902,0.011541258512060608,1,0.34296955256674055,0
227.0578857421875,229.240771484375,0.9904777595710705,0.9994808226968382,-0.002634317288807808,0.011544696894481836,1,0.33825025046521284,0
226.8081268310547,229.20680541992186,0.9895348718617991,1.0100516429608433,0.00946469850209164,0.012909412991517967,1,0.3363296259528657,0
227.70326232910156,228.92308044433594,0.9946714935301992,1.0112581713263384,0.005145899965004919,0.007592307402579868,1,0.3841344970525005,0
229.23377990722656,228.9011016845703,1.0014533709982518,1.0135276656261556,0.008980857430412437,0.0058861194599087495,1,0.36234942974176937,0
230.1089324951172,228.95604858398437,1.0050353939905192,1.0078495166480455,-0.0018060207961334562,0.005778513657739742,1,0.39641595094312143,0
230.6204376220703,228.83916168212892,1.0077839646275915,0.9951309191957279,-0.010424709383172748,0.008408918828267397,1,0.44381459237810467,0
232.45066528320314,229.6293960571289,1.0122861849332754,1.024901602918567,0.038089871578786294,0.01837210017850564,0,0.3248684812641725,0
234.3068634033203,231.00506286621095,1.014293195552262,1.0223677266176068,0.005493288226302795,0.018359274226526855,0,0.35950922265787777,0
235.73148193359376,232.48263092041014,1.0139745967271674,1.0158077678858966,-0.00037531045761318715,0.01871613798846563,0,0.36451514945072794,0
236.8783721923828,233.49365234375,1.0144959822875605,1.0032559135138672,-0.007551402650500583,0.01949054594222745,0,0.3648870427852987,0
237.80347595214843,234.2119567871094,1.015334482552928,0.9845232326297492,-0.014839412310012845,0.020443320705845577,1,0.3494236097357292,0
235.46973571777343,233.96020050048827,1.0064521025971767,0.9622058545473854,-0.03225948363240483,0.014641832502763363,1,0.37615039610530465,0
233.52162475585936,233.91424407958985,0.9983215245173488,0.9840939600315033,0.014286344459361722,0.017249703504634544,1,0.35128067263378376,0
232.39871520996093,234.06509857177736,0.9928806841687018,1.0062160737103911,0.017562991653877313,0.020775512387012838,1,0.3305473783864353,0
232.1629425048828,234.52065734863282,0.9899466645266771,1.0185551647855378,0.011235905200573493,0.021774207429676902,1,0.370416687665635,0
232.92220458984374,235.3628402709961,0.9896303270374278,1.0214541705835238,0.006125886829152938,0.020368683087478173,1,0.366171690126896,0
235.35984497070314,235.41479034423827,0.9997666018628023,1.0144405058151869,0.003527257682534257,0.005755528816466627,1,0.36615879411277924,0
236.92832641601564,235.2249755859375,1.0072413689313184,1.0030443859560496,-0.004644576907642972,0.008331498090703106,1,0.4077753105040833,0
239.212109375,235.80541229248047,1.0144470690871763,1.0252918975951324,0.03203291306373979,0.013763647941430078,1,0.3393552894825948,0
243.0843536376953,237.62364807128907,1.0229804803130031,1.0524411861363039,0.043095700465100695,0.020435835490599834,0,0.3099520854407415,0
246.3372009277344,239.62970275878905,1.0279910966450478,1.0318522447795753,-0.00644325892472386,0.02261519546627922,1,0.3425944001207189,0
248.99861755371094,242.17923126220703,1.0281584273596136,1.0123174409037607,-0.00833236483994404,0.024470275076999365,1,0.3552554004782351,0
252.79293518066407,244.86063079833986,1.032395180705293,1.0151439384052108,0.018072960876120314,0.022862615638782512,1,0.3164248882182882,0
254.7830078125,246.99755859375,1.0315203488774363,1.0016861128188892,-0.0054890828406448655,0.02230649306047706,1,0.34126579061693646,0
254.45332946777344,248.7688415527344,1.0228504819154935,0.9989399403091418,-0.004031959845059219,0.010911182711275898,1,0.3386708175743727,0
254.49329223632813,250.41524658203124,1.016285133233535,0.9995682218474636,0.0007861004710238984,0.010522150865057856,1,0.3921041387832045,0
255.1206848144531,252.05965118408204,1.0121440842117788,1.0003211083679018,0.003220330351537015,0.00938702163881915,1,0.4171171626535688,0
255.17263793945312,253.9827865600586,1.004684771733982,1.0066948538042888,0.006576638338942287,0.005010035028355448,0,0.4214876359024374,0
255.68414001464845,255.23357391357422,1.001765308905743,1.0081583905408307,0.0034612513299712155,0.003950574046371086,0,0.4147368247078611,0
256.1357025146484,255.29451599121094,1.0032949651118492,1.001193522544301,-0.0051546117135026215,0.0043870705379443885,0,0.4232840304091065,0
256.5053466796875,255.49931945800782,1.0039374947213704,0.9989328945175535,-0.0008180341665524615,0.004533934381061656,0,0.4349482317407736,0
257.02684326171874,256.0737640380859,1.0037218932881038,1.0030473309311583,0.00616028826380699,0.004987696982733658,0,0.43220556686412104,0
256.40943908691406,255.7910385131836,1.0024176006216832,0.9897996012746689,-0.01557785637436715,0.0085349017754403,0,0.4092414808043895,0
253.86191101074218,254.7730255126953,0.9964238188084487,0.9652195153165629,-0.03452205816262133,0.015822321890385536,1,0.3619004513239007,0
252.0576599121094,254.0966812133789,0.991975411518432,0.9816013956612526,0.009744341420789837,0.01818533838271312,1,0.33302245393391827,0
250.31734313964844,253.41134490966797,0.9877905948878396,0.9888649402034065,0.00044415864468594357,0.018301045209672406,1,0.3253301193680987,0
248.5750305175781,252.80093688964843,0.9832836601633522,1.00210598579555,0.006336529564029414,0.018332270748846555,1,0.3046819030109683,0
247.25830993652343,251.83387451171876,0.9818310202149456,0.9998060640691101,-0.007580006053321764,0.017703764609872004,1,0.31636213771241384,0
248.66094665527345,251.2614288330078,0.9896502929645334,1.0136117379392666,0.019559441912186948,0.010159089805089111,1,0.3524109829550737,0
251.57412109375,251.81589050292968,0.9990398961372262,1.0413870147302977,0.03943876231500254,0.01842804276915202,1,0.37758063770360756,0
254.5712127685547,252.44427795410155,1.008425363536423,1.0312065534619401,0.0020210237725979407,0.018200633800092052,1,0.4001686714067874,0
256.3914489746094,252.48323974609374,1.0154790838094674,1.0070527237311244,-0.016440156296572916,0.022338427300148143,1,0.3588166755601552,0
258.8150939941406,253.03670196533204,1.0228361814073923,1.0019839985435428,0.004372103072468825,0.020929780217987408,1,0.3329167857938903,0
260.9190612792969,254.79000396728514,1.0240553287671315,1.0063101156170302,0.012481878875396424,0.02033477294321768,1,0.32071704952827124,0
262.231787109375,256.9029541015625,1.0207425914055694,1.0240926741181047,0.02279111912415832,0.014503801870334392,1,0.3026575305648996,0
263.47658081054686,259.0238967895508,1.0171902441287637,1.019974794757126,0.0007068314349076843,0.01458399326225678,1,0.3345616545860264,0
265.7244018554687,261.05792541503905,1.0178752529079926,1.0139784316925886,0.0026023003490212027,0.009118745119301642,1,0.3369566582982461,0
268.08611450195315,263.4506042480469,1.017595367705218,1.0113807889670405,0.006303226049785504,0.008934422392555562,0,0.3341779011889433,0
269.5946472167969,265.25685424804686,1.0163531795664502,1.0019047376696064,-0.0037950967413132863,0.010212152355197252,0,0.40113603753027344,0
269.6426025390625,265.93719482421875,1.013933394000388,0.9968359086431773,-0.004882213161503057,0.004611565301561138,1,0.4293910568198241,0
269.85040283203125,266.6634918212891,1.0119510585756446,0.9997334451574438,0.0036796245826942187,0.004879210567853399,1,0.44644827319141966,0
269.9383178710938,267.83135986328125,1.0078667337868428,0.9997779847618725,0.0003703577594871277,0.004771909944020556,1,0.4530222095355682,0
269.6126342773438,268.84937438964846,1.0028389870328993,0.9996146091214214,-0.0013697259247742455,0.0034131651577929945,1,0.41195939299380624,0
269.2330017089844,269.4138244628906,0.9993288289705745,0.996200279135869,-0.004818903572332056,0.0036315386589505444,1,0.42627920969620164,0
269.3611145019531,269.5018585205078,0.9994777623452122,1.000255709418026,0.004548679242277531,0.0038178401814614863,0,0.42974571745999696,0
270.455419921875,270.1529113769531,1.0011197678506591,1.0177278017926579,0.021601185771556786,0.010366558230374662,0,0.3564598633781737,0
271.1737426757812,270.5560302734375,1.0022831219164454,1.008467849882012,-0.006466843884820661,0.01137761001993008,0,0.38662405858413323,0
271.86199951171875,270.73731689453126,1.0041541470163333,1.0040020771467386,-0.0019014480979659965,0.011427521122564026,0,0.393350346572592,0
272.702001953125,270.9675018310547,1.006401137074924,0.9989292403835532,-0.0019784155368063328,0.011030678299237252,0,0.3879143939337568,0
272.30800170898436,270.8345581054688,1.0054403825487506,0.982196592742481,-0.018171183658773127,0.014461886826218705,1,0.37826754415711117,0
270.7460021972656,270.6007110595703,1.0005369207535575,0.9877892942867883,-7.473646268785217e-05,0.0073491416633492575,1,0.40209084722246435,0
269.7640014648438,270.4688720703125,0.9973938937960836,0.9955368251519396,0.004187836924032684,0.008528058465978271,1,0.43320725205860183,0
268.4239990234375,270.14299926757815,0.9936367026026909,0.9919008768539818,-0.008601420835542606,0.008721075499659305,1,0.4231760189540889,0
268.2399963378906,270.4709991455078,0.991751415809216,1.0121159929199766,0.019680714495305063,0.014206299704848263,1,0.33594442572724986,0
269.9320007324219,271.1200012207031,0.9956181746719818,1.0221834116705868,0.0163174457722548,0.011689135570973378,1,0.39660976976839385,0
271.83800048828124,271.29200134277346,1.0020125884390447,1.0188788937646822,0.003805406428931457,0.011281654575611737,1,0.3930480104003104,0
273.63599853515626,271.7,1.0071255006814732,1.014303634312609,0.0020940411225383038,0.011453306430357402,1,0.3846322648011046,0
276.1559997558594,272.2899993896484,1.0141980989932675,1.009755378662922,0.004683906927485104,0.008068877969981549,0,0.3650230974069944,0
278.4780029296875,273.35899963378904,1.0187263024182713,1.0165973725938962,0.015241168753721723,0.006785430377009274,0,0.32791289309050997,0
280.53200073242186,275.23200073242185,1.0192564817531977,1.0201688281344456,0.010914857899228636,0.005528924695776727,0,0.32798519669540466,0
281.96799926757814,276.9029998779297,1.0182916017229184,1.0077384477478795,-0.00712816145749029,0.008593224461456543,0,0.3557628523640368,0
282.59800415039064,278.11700134277345,1.0161119341355707,0.993283774423441,-0.012141410394363561,0.011670649190035303,0,0.3668796586471484,0
282.58400268554686,279.3700012207031,1.0115044616487103,0.9865385022856973,-0.00684009028940924,0.012211043007272866,0,0.39602867624767896,0
281.54200439453126,280.0100036621094,1.0054712357143873,0.9870286149523317,-0.00319242461710445,0.00875669783891535,0,0.4169655319723158,0
279.74000244140626,280.13600158691406,0.9985864039492798,0.9908486103407351,-0.002555046727945598,0.0038326170960782595,0,0.44404002106108803,0
278.66600341796874,280.31700134277344,0.9941102469101193,1.0004090752367707,0.00577244442526248,0.006564519158615986,0,0.40288781768724774,0
278.1320007324219,280.36500244140626,0.9920353764216664,0.9996332606357542,-0.0026902934331158868,0.004636671785568926,0,0.4125725500203974,0
278.03200073242186,280.30800170898436,0.9918803567408488,1.000891976629387,0.0008991835452922814,0.003790228070986508,0,0.42282004454055516,0
277.2759948730469,279.40899963378905,0.9923660126784112,0.9885817395662615,-0.014984955605960026,0.007675887379624669,0,0.41221527963601545,0
276.7619934082031,278.25099792480466,0.994648700174639,0.9922243367662604,0.0018240853187405648,0.00794340498296344,0,0.42135595156638844,0
275.3739929199219,277.01999816894534,0.994058171756901,0.9871665564908342,-0.010086993049891024,0.007284912221910869,1,0.426200289937924,0
274.20599365234375,276.1689971923828,0.9928920206105843,0.9926478951678441,0.001287544541755281,0.007800250459793385,1,0.4003797656911435,0
273.28399658203125,275.6579986572266,0.991387871613523,1.0014125117113737,0.005437418615868328,0.008749937951696088,1,0.392355149003937,0
272.6559997558594,274.96599731445315,0.9915989701230148,0.9938163893819834,-0.009865941003960987,0.007204600593206793,1,0.4136490662191202,0
272.20599975585935,274.48399658203124,0.9917008027624988,1.000565695083287,0.005129660569795913,0.00780231382934036,0,0.3903802921662281,0
272.6,273.98699645996095,0.9949377288780797,1.0044387291217671,0.005323881205087977,0.006567390928866424,0,0.40256042631145905,0
272.8419982910156,273.5239959716797,0.9975066257779639,1.002045123584213,-0.0014974020881820538,0.006702644833910695,0,0.4122354245780617,0
272.85999755859376,273.0719970703125,0.9992236497554009,1.0032984395480615,0.0013168100847762432,0.006243736684200846,0,0.3940412343211203,0
273.28199462890626,272.9689971923828,1.0011466409729413,0.9992608072957205,-0.0024840121606569676,0.0036287097243203835,0,0.4093709570609824,0
273.18199462890624,272.6939971923828,1.0017895422764995,0.9951607012785028,-0.004467559984957958,0.0038011624567813635,0,0.4239339589010057,0
